{
    "ACC_avg": 0.4000000000000001,
    "AUC_avg": 0.4704545454545454,
    "AUPRC_avg": 0.7718164915892188,
    "ACC_std": 5.695323946259567e-17,
    "AUC_std": 0.027688222560351264,
    "AUPRC_std": 0.010985277789581005,
    "all_ACC": [
        0.4,
        0.4,
        0.4,
        0.4,
        0.4,
        0.4,
        0.4,
        0.4,
        0.4,
        0.4,
        0.4,
        0.4,
        0.4,
        0.4,
        0.4,
        0.4,
        0.4,
        0.4,
        0.4,
        0.4
    ],
    "all_AUC": [
        0.45454545454545453,
        0.45454545454545453,
        0.45454545454545453,
        0.4772727272727273,
        0.47727272727272724,
        0.5,
        0.4772727272727273,
        0.5,
        0.5,
        0.4772727272727273,
        0.4090909090909091,
        0.5,
        0.4772727272727273,
        0.43181818181818177,
        0.5,
        0.4772727272727273,
        0.5,
        0.43181818181818177,
        0.4772727272727273,
        0.43181818181818177
    ],
    "all_AUPRC": [
        0.7660107569198479,
        0.7660107569198479,
        0.7660107569198479,
        0.771658139839958,
        0.7925259084349994,
        0.7784992784992785,
        0.771658139839958,
        0.7981732913551096,
        0.7784992784992785,
        0.771658139839958,
        0.7527646595828413,
        0.7784992784992785,
        0.771658139839958,
        0.7586875245966155,
        0.7747918747918747,
        0.771658139839958,
        0.7785325785325785,
        0.7586875245966155,
        0.771658139839958,
        0.7586875245966155
    ]
}