{
    "ACC_avg": 0.4000000000000001,
    "AUC_avg": 0.5750000000000001,
    "AUPRC_avg": 0.8280389307662036,
    "ACC_std": 5.695323946259567e-17,
    "AUC_std": 0.01665216129693291,
    "AUPRC_std": 0.007437492418654656,
    "all_ACC": [
        0.4,
        0.4,
        0.4,
        0.4,
        0.4,
        0.4,
        0.4,
        0.4,
        0.4,
        0.4,
        0.4,
        0.4,
        0.4,
        0.4,
        0.4,
        0.4,
        0.4,
        0.4,
        0.4,
        0.4
    ],
    "all_AUC": [
        0.5681818181818181,
        0.5454545454545454,
        0.5681818181818181,
        0.5681818181818181,
        0.5454545454545454,
        0.5909090909090909,
        0.5909090909090909,
        0.5909090909090909,
        0.5681818181818181,
        0.5909090909090909,
        0.5909090909090909,
        0.5681818181818181,
        0.5681818181818181,
        0.5681818181818181,
        0.5909090909090909,
        0.5909090909090909,
        0.5681818181818181,
        0.5454545454545454,
        0.5909090909090909,
        0.5909090909090909
    ],
    "all_AUPRC": [
        0.8266877062331608,
        0.8240383354019718,
        0.8135563931018477,
        0.8266877062331608,
        0.8240383354019718,
        0.8340109385563932,
        0.8340109385563932,
        0.8340109385563932,
        0.8266877062331608,
        0.8340109385563932,
        0.8340109385563932,
        0.8266877062331608,
        0.8266877062331608,
        0.8266877062331608,
        0.8340109385563932,
        0.8340109385563932,
        0.8266877062331608,
        0.8062331607786153,
        0.8340109385563932,
        0.8340109385563932
    ]
}