{
    "ACC_avg": 0.4000000000000001,
    "AUC_avg": 0.5295454545454545,
    "AUPRC_avg": 0.8207134784407512,
    "ACC_std": 5.695323946259567e-17,
    "AUC_std": 0.010685507863218792,
    "AUPRC_std": 0.003216445801251761,
    "all_ACC": [
        0.4,
        0.4,
        0.4,
        0.4,
        0.4,
        0.4,
        0.4,
        0.4,
        0.4,
        0.4,
        0.4,
        0.4,
        0.4,
        0.4,
        0.4,
        0.4,
        0.4,
        0.4,
        0.4,
        0.4
    ],
    "all_AUC": [
        0.5227272727272727,
        0.5454545454545454,
        0.5454545454545454,
        0.5227272727272727,
        0.5227272727272727,
        0.5227272727272727,
        0.5454545454545454,
        0.5227272727272727,
        0.5454545454545454,
        0.5227272727272727,
        0.5227272727272727,
        0.5227272727272727,
        0.5454545454545454,
        0.5227272727272727,
        0.5227272727272727,
        0.5227272727272727,
        0.5227272727272727,
        0.5454545454545454,
        0.5227272727272727,
        0.5227272727272727
    ],
    "all_AUPRC": [
        0.818661136842955,
        0.8255022755022756,
        0.8255022755022756,
        0.818661136842955,
        0.818661136842955,
        0.818661136842955,
        0.8255022755022756,
        0.818661136842955,
        0.8255022755022756,
        0.818661136842955,
        0.818661136842955,
        0.818661136842955,
        0.8255022755022756,
        0.818661136842955,
        0.818661136842955,
        0.818661136842955,
        0.818661136842955,
        0.8255022755022756,
        0.818661136842955,
        0.818661136842955
    ]
}